"Message",Low,"Starting .NET Native compilation"
"Message",Low,""
"Message",Low,""
"Message",Low,"Task ""Gatekeeper"""
"Message",Normal,"Launching 'D:\Users\SWallace23\.nuget\packages\microsoft.net.native.compiler\1.7.6\tools\x86\ilc\Tools\Gatekeeper.exe @""D:\Users\SWallace23\Desktop\Revival\Revival\obj\x86\Release\ilc\intermediate\gkargs.rsp""'"
"Message",Low,"Microsoft (R) .NET Native Gatekeeper Version 1.7.27420.00 "
"Message",Low,"Copyright (C) Microsoft Corporation.  All rights reserved. "
"Message",Low," "
"Message",Low,"Checking assembly 'D:\Users\SWallace23\Desktop\Revival\Revival\obj\x86\Release\ilc\in\MonoGame.Framework.dll'. "
"Message",Low,"Checking assembly 'D:\Users\SWallace23\Desktop\Revival\Revival\obj\x86\Release\ilc\in\Revival.exe'. "
"Message",Low,"Checking assembly 'D:\Users\SWallace23\Desktop\Revival\Revival\obj\x86\Release\ilc\in\SharpDX.Direct2D1.dll'. "
"Message",Low,"Checking assembly 'D:\Users\SWallace23\Desktop\Revival\Revival\obj\x86\Release\ilc\in\SharpDX.Direct3D11.dll'. "
"Message",Low,"Checking assembly 'D:\Users\SWallace23\Desktop\Revival\Revival\obj\x86\Release\ilc\in\SharpDX.dll'. "
"Message",Low,"Checking assembly 'D:\Users\SWallace23\Desktop\Revival\Revival\obj\x86\Release\ilc\in\SharpDX.DXGI.dll'. "
"Message",Low,"Checking assembly 'D:\Users\SWallace23\Desktop\Revival\Revival\obj\x86\Release\ilc\in\SharpDX.MediaFoundation.dll'. "
"Message",Low,"Checking assembly 'D:\Users\SWallace23\Desktop\Revival\Revival\obj\x86\Release\ilc\in\SharpDX.XAudio2.dll'. "
"Message",Normal,"'D:\Users\SWallace23\.nuget\packages\microsoft.net.native.compiler\1.7.6\tools\x86\ilc\Tools\Gatekeeper.exe @""D:\Users\SWallace23\Desktop\Revival\Revival\obj\x86\Release\ilc\intermediate\gkargs.rsp""' completed."
"Message",Normal,"Process execution statistics (all times in milliseconds)"
"Message",Normal,"-----------------------------------------------------------------------------"
"Message",Normal,"launch  |  start   |   stop   |   end    | duration | lifetime | [slot] name"
"Message",Normal,"-----------------------------------------------------------------------------"
"Message",Normal,"       0 |       15 |      312 |      312 |      297 |      312 | [0] Gatekeeper"
"Message",Normal,"Number of commands:      1"
"Message",Normal,"Total system time:       312 ms"
"Message",Normal,"System time per command: 312 ms"
"Message",Normal,"Total duration:          297 ms"
"Message",Normal,"Total lifetime:          312 ms"
"Message",Normal,"Requested DOP:           4"
"Message",Normal,"Duration DOP:            1.0"
"Message",Normal,"Lifetime DOP:            1.0"
"Message",Low,"Done executing task ""Gatekeeper""."
"Message",Low,"Done building target ""RunGatekeeper"" in file ""Preparation""."
"Message",Low,""
"Message",Low,"Task ""InjectWindowsRuntimeTypeForwards"""
"Message",Normal,"Running 'InjectWindowsRuntimeTypeForwards' transform, heap at 15 MB."
"Message",Normal,"Running 'WriteAssemblies' transform, heap at 19 MB."
"Message",Normal,""
"Message",Normal,"Transform summary"
"Message",Normal,"    ms | heap delta | name"
"Message",Normal,"   327 |          1 | WriteAssemblies"
"Message",Normal,"   267 |          4 | InjectWindowsRuntimeTypeForwards"
"Message",Low,"Done executing task ""InjectWindowsRuntimeTypeForwards""."
"Message",Low,"Done building target ""InjectWindowRuntimeTypeForwards"" in file ""Preparation""."
"Message",Low,""
"Message",Low,"Task ""PreResolveAssemblyClosure"""
"Message",Low,"Done executing task ""PreResolveAssemblyClosure""."
"Message",Low,"Task ""PreResolveTransforms"""
"Message",Normal,"Running 'ResolveSelfReferences' transform, heap at 28 MB."
"Message",Normal,"Running 'RemoveDuplicateMembers' transform, heap at 47 MB."
"Message",Normal,"Running 'PortableLib' transform, heap at 47 MB."
"Message",Normal,"Running 'WriteAssemblies' transform, heap at 75 MB."
"Message",Normal,""
"Message",Normal,"Transform summary"
"Message",Normal,"    ms | heap delta | name"
"Message",Normal,"   869 |         22 | WriteAssemblies"
"Message",Normal,"   652 |         19 | ResolveSelfReferences"
"Message",Normal,"   572 |         28 | PortableLib"
"Message",Normal,"     0 |          0 | RemoveDuplicateMembers"
"Message",Low,"Done executing task ""PreResolveTransforms""."
"Message",Low,"Done building target ""PreResolveTransforms"" in file ""Preparation""."
"Message",Low,""
"Message",Low,"Task ""InitialAssemblyClosure"""
"Message",Low,"Done executing task ""InitialAssemblyClosure""."
"Message",Low,"Task ""ResolveInitialReferencesAssemblyClosure1"""
"Message",Low,"Done executing task ""ResolveInitialReferencesAssemblyClosure1""."
"Message",Low,"Task ""ResolveInitialReferencesAssemblyClosure2"""
"Message",Low,"Done executing task ""ResolveInitialReferencesAssemblyClosure2""."
"Message",Low,"Done building target ""ResolveInitialReferences"" in file ""Preparation""."
"Message",Low,"Done building project ""Preparation""."
"Message",Low,""
"Message",Low,""
"Message",High,"Processing application code"
"Message",Low,"Task ""ValidateSimpleNames"""
"Message",Low,"Done executing task ""ValidateSimpleNames""."
"Message",Low,"Task ""McgContractsResolveFilePath"""
"Message",Low,"Done executing task ""McgContractsResolveFilePath""."
"Message",Low,"Task ""McgFacadeResolveFilePath"""
"Message",Low,"Done executing task ""McgFacadeResolveFilePath""."
"Message",Low,"Task ""FinalAssemblyClosureRootsResolveFilePaths"""
"Message",Low,"Done executing task ""FinalAssemblyClosureRootsResolveFilePaths""."
"Message",Low,"Task ""FinalAssemblyClosure"""
"Message",Low,"Done executing task ""FinalAssemblyClosure""."
"Message",Low,"Task ""RunILTransforms"""
"Message",Normal,"Running 'Analysis' transform, heap at 25 MB."
"Message",Low,"Loading 70 modules..."
"Message",Normal,"Imported reflection directives from 15 files:"
"Message",Normal,"D:\Users\SWallace23\Desktop\Revival\Revival\obj\x86\Release\ilc\in\Properties\Default.rd.xml"
"Message",Normal,"Embedded manifest in System.Diagnostics.Tracing: Resources.System.Diagnostics.Tracing.rd.xml"
"Message",Normal,"Embedded manifest in System.Private.Reflection: System.Private.Reflection.rd.xml"
"Message",Normal,"Embedded manifest in System.Private.CoreLib: Resources.System.Private.CoreLib.rd.xml"
"Message",Normal,"Embedded manifest in System.Private.Uri: Resources.System.Private.Uri.rd.xml"
"Message",Normal,"Embedded manifest in System.Private.Reflection.Core: System.Private.Reflection.Core.rd.xml"
"Message",Normal,"Embedded manifest in System.Runtime.Serialization.Primitives: System.Runtime.Serialization.Primitives.Resources.System.Runtime.Serialization.Primitives.rd.xml"
"Message",Normal,"Embedded manifest in System.Linq.Expressions: Resources.System.Linq.Expressions.rd.xml"
"Message",Normal,"Embedded manifest in System.Private.PortableThunks: Resources.System.Private.PortableThunks.rd.xml"
"Message",Normal,"Embedded manifest in System.Dynamic.Runtime: Resources.System.Dynamic.Runtime.rd.xml"
"Message",Normal,"Embedded manifest in System.Private.Interop: Resources.System.Private.Interop.rd.xml"
"Message",Normal,"MonoGame.Framework"
"Message",Normal,"SharpDX.Direct2D1"
"Message",Normal,"SharpDX.DXGI"
"Message",Normal,"SharpDX"
"Message",Normal,"Running 'Mcg' transform, heap at 168 MB."
"Message",High,"Computing application closure and generating interop code"
"Message",Normal,"  List of .lib files:"
"Message",Normal,"      WindowsApp.lib"
"Message",Normal,"      winsqlite3.lib"
"Message",Normal,"  List of .lib search paths:"
"Message",Normal,"      C:\Program Files (x86)\Windows Kits\10\lib\10.0.14393.0\um\x86"
"Message",Normal,"  Loading exports from libs..."
"Message",Normal,"      2526 exports read from 'C:\Program Files (x86)\Windows Kits\10\lib\10.0.14393.0\um\x86\WindowsApp.lib'."
"Message",Normal,"      231 exports read from 'C:\Program Files (x86)\Windows Kits\10\lib\10.0.14393.0\um\x86\winsqlite3.lib'."
"Message",High,"  Loading 70 modules..."
"Message",Normal,"          P/Invoke 'DWriteCreateFactory' resolved to 'dwrite.dll!DWriteCreateFactory' from 'C:\Program Files (x86)\Windows Kits\10\lib\10.0.14393.0\um\x86\WindowsApp.lib'."
"Message",Normal,"          P/Invoke '#1' resolved to 'd2d1.dll!#1' from 'C:\Program Files (x86)\Windows Kits\10\lib\10.0.14393.0\um\x86\WindowsApp.lib'."
"Message",Normal,"          P/Invoke '#2' resolved to 'd2d1.dll!#2' from 'C:\Program Files (x86)\Windows Kits\10\lib\10.0.14393.0\um\x86\WindowsApp.lib'."
"Message",Normal,"          P/Invoke '#3' resolved to 'd2d1.dll!#3' from 'C:\Program Files (x86)\Windows Kits\10\lib\10.0.14393.0\um\x86\WindowsApp.lib'."
"Message",Normal,"          P/Invoke '#4' resolved to 'd2d1.dll!#4' from 'C:\Program Files (x86)\Windows Kits\10\lib\10.0.14393.0\um\x86\WindowsApp.lib'."
"Message",Normal,"          P/Invoke '#5' resolved to 'd2d1.dll!#5' from 'C:\Program Files (x86)\Windows Kits\10\lib\10.0.14393.0\um\x86\WindowsApp.lib'."
"Message",Normal,"          P/Invoke '#7' resolved to 'd2d1.dll!#7' from 'C:\Program Files (x86)\Windows Kits\10\lib\10.0.14393.0\um\x86\WindowsApp.lib'."
"Message",Normal,"          P/Invoke '#8' resolved to 'd2d1.dll!#8' from 'C:\Program Files (x86)\Windows Kits\10\lib\10.0.14393.0\um\x86\WindowsApp.lib'."
"Message",Normal,"          P/Invoke '#6' resolved to 'd2d1.dll!#6' from 'C:\Program Files (x86)\Windows Kits\10\lib\10.0.14393.0\um\x86\WindowsApp.lib'."
"Message",Normal,"          P/Invoke '#9' resolved to 'd2d1.dll!#9' from 'C:\Program Files (x86)\Windows Kits\10\lib\10.0.14393.0\um\x86\WindowsApp.lib'."
"Message",Normal,"          P/Invoke '#10' resolved to 'd2d1.dll!#10' from 'C:\Program Files (x86)\Windows Kits\10\lib\10.0.14393.0\um\x86\WindowsApp.lib'."
"Message",Normal,"          P/Invoke '#11' resolved to 'd2d1.dll!#11' from 'C:\Program Files (x86)\Windows Kits\10\lib\10.0.14393.0\um\x86\WindowsApp.lib'."
"Message",Normal,"          P/Invoke '#12' resolved to 'd2d1.dll!#12' from 'C:\Program Files (x86)\Windows Kits\10\lib\10.0.14393.0\um\x86\WindowsApp.lib'."
"Message",Normal,"          P/Invoke '#13' resolved to 'd2d1.dll!#13' from 'C:\Program Files (x86)\Windows Kits\10\lib\10.0.14393.0\um\x86\WindowsApp.lib'."
"Message",Normal,"          P/Invoke 'D3D11CreateDevice' resolved to 'd3d11.dll!D3D11CreateDevice' from 'C:\Program Files (x86)\Windows Kits\10\lib\10.0.14393.0\um\x86\WindowsApp.lib'."
"Message",Normal,"          P/Invoke 'D3D11On12CreateDevice' resolved to 'd3d11.dll!D3D11On12CreateDevice' from 'C:\Program Files (x86)\Windows Kits\10\lib\10.0.14393.0\um\x86\WindowsApp.lib'."
"Message",Normal,"          P/Invoke 'FormatMessageW' resolved to 'api-ms-win-core-localization-l1-2-1.dll!FormatMessageW' from 'C:\Program Files (x86)\Windows Kits\10\lib\10.0.14393.0\um\x86\WindowsApp.lib'."
"Message",Normal,"          P/Invoke 'CoCreateInstanceFromApp' resolved to 'api-ms-win-core-com-l1-1-1.dll!CoCreateInstanceFromApp' from 'C:\Program Files (x86)\Windows Kits\10\lib\10.0.14393.0\um\x86\WindowsApp.lib'."
"Message",Normal,"          P/Invoke 'CloseHandle' resolved to 'api-ms-win-core-handle-l1-1-0.dll!CloseHandle' from 'C:\Program Files (x86)\Windows Kits\10\lib\10.0.14393.0\um\x86\WindowsApp.lib'."
"Message",Normal,"          P/Invoke 'GetProcAddress' resolved to 'api-ms-win-core-libraryloader-l1-2-0.dll!GetProcAddress' from 'C:\Program Files (x86)\Windows Kits\10\lib\10.0.14393.0\um\x86\WindowsApp.lib'."
"Message",Normal,"          P/Invoke 'ReadFile' resolved to 'api-ms-win-core-file-l1-2-1.dll!ReadFile' from 'C:\Program Files (x86)\Windows Kits\10\lib\10.0.14393.0\um\x86\WindowsApp.lib'."
"Message",Normal,"          P/Invoke 'FlushFileBuffers' resolved to 'api-ms-win-core-file-l1-2-1.dll!FlushFileBuffers' from 'C:\Program Files (x86)\Windows Kits\10\lib\10.0.14393.0\um\x86\WindowsApp.lib'."
"Message",Normal,"          P/Invoke 'WriteFile' resolved to 'api-ms-win-core-file-l1-2-1.dll!WriteFile' from 'C:\Program Files (x86)\Windows Kits\10\lib\10.0.14393.0\um\x86\WindowsApp.lib'."
"Message",Normal,"          P/Invoke 'SetFilePointerEx' resolved to 'api-ms-win-core-file-l1-2-1.dll!SetFilePointerEx' from 'C:\Program Files (x86)\Windows Kits\10\lib\10.0.14393.0\um\x86\WindowsApp.lib'."
"Message",Normal,"          P/Invoke 'SetEndOfFile' resolved to 'api-ms-win-core-file-l1-2-1.dll!SetEndOfFile' from 'C:\Program Files (x86)\Windows Kits\10\lib\10.0.14393.0\um\x86\WindowsApp.lib'."
"Message",Normal,"          P/Invoke 'GetFileAttributesExW' resolved to 'api-ms-win-core-file-l1-2-1.dll!GetFileAttributesExW' from 'C:\Program Files (x86)\Windows Kits\10\lib\10.0.14393.0\um\x86\WindowsApp.lib'."
"Message",Normal,"          P/Invoke 'CreateFile2' resolved to 'api-ms-win-core-file-l1-2-1.dll!CreateFile2' from 'C:\Program Files (x86)\Windows Kits\10\lib\10.0.14393.0\um\x86\WindowsApp.lib'."
"Message",Normal,"          P/Invoke 'GetFileInformationByHandleEx' resolved to 'api-ms-win-core-file-l2-1-1.dll!GetFileInformationByHandleEx' from 'C:\Program Files (x86)\Windows Kits\10\lib\10.0.14393.0\um\x86\WindowsApp.lib'."
"Message",Normal,"          P/Invoke 'CreateDXGIFactory1' resolved to 'dxgi.dll!CreateDXGIFactory1' from 'C:\Program Files (x86)\Windows Kits\10\lib\10.0.14393.0\um\x86\WindowsApp.lib'."
"Message",Normal,"          P/Invoke 'CreateDXGIFactory2' resolved to 'dxgi.dll!CreateDXGIFactory2' from 'C:\Program Files (x86)\Windows Kits\10\lib\10.0.14393.0\um\x86\WindowsApp.lib'."
"Message",Normal,"          P/Invoke 'MFStartup' resolved to 'mfplat.dll!MFStartup' from 'C:\Program Files (x86)\Windows Kits\10\lib\10.0.14393.0\um\x86\WindowsApp.lib'."
"Message",Normal,"          P/Invoke 'MFShutdown' resolved to 'mfplat.dll!MFShutdown' from 'C:\Program Files (x86)\Windows Kits\10\lib\10.0.14393.0\um\x86\WindowsApp.lib'."
"Message",Normal,"          P/Invoke 'MFLockPlatform' resolved to 'mfplat.dll!MFLockPlatform' from 'C:\Program Files (x86)\Windows Kits\10\lib\10.0.14393.0\um\x86\WindowsApp.lib'."
"Message",Normal,"          P/Invoke 'MFUnlockPlatform' resolved to 'mfplat.dll!MFUnlockPlatform' from 'C:\Program Files (x86)\Windows Kits\10\lib\10.0.14393.0\um\x86\WindowsApp.lib'."
"Message",Normal,"          P/Invoke 'MFPutWorkItem2' resolved to 'mfplat.dll!MFPutWorkItem2' from 'C:\Program Files (x86)\Windows Kits\10\lib\10.0.14393.0\um\x86\WindowsApp.lib'."
"Message",Normal,"          P/Invoke 'MFPutWorkItemEx2' resolved to 'mfplat.dll!MFPutWorkItemEx2' from 'C:\Program Files (x86)\Windows Kits\10\lib\10.0.14393.0\um\x86\WindowsApp.lib'."
"Message",Normal,"          P/Invoke 'MFPutWaitingWorkItem' resolved to 'mfplat.dll!MFPutWaitingWorkItem' from 'C:\Program Files (x86)\Windows Kits\10\lib\10.0.14393.0\um\x86\WindowsApp.lib'."
"Message",Normal,"          P/Invoke 'MFAllocateSerialWorkQueue' resolved to 'mfplat.dll!MFAllocateSerialWorkQueue' from 'C:\Program Files (x86)\Windows Kits\10\lib\10.0.14393.0\um\x86\WindowsApp.lib'."
"Warning",,0,0,"      MCG : warning MCG0007: Unresolved P/Invoke method 'Mfplat.dll!MFScheduleWorkItemEx' for method 'System.Int32 SharpDX.MediaFoundation.MediaFactory.MFScheduleWorkItemEx_(System.Void*, System.Int64, System.Void*)'. Calling this method would throw exception at runtime. Please make sure the P/Invoke either points to a Windows API allowed in UWP applications, or a native DLL that is part of the package. If for some reason your P/Invoke does not satisify those requirements, please use [DllImport(ExactSpelling=true) to indicate that you understand the implications of using non-UWP APIs."
"Message",Normal,"          P/Invoke 'MFCancelWorkItem' resolved to 'mfplat.dll!MFCancelWorkItem' from 'C:\Program Files (x86)\Windows Kits\10\lib\10.0.14393.0\um\x86\WindowsApp.lib'."
"Message",Normal,"          P/Invoke 'MFLockWorkQueue' resolved to 'mfplat.dll!MFLockWorkQueue' from 'C:\Program Files (x86)\Windows Kits\10\lib\10.0.14393.0\um\x86\WindowsApp.lib'."
"Message",Normal,"          P/Invoke 'MFUnlockWorkQueue' resolved to 'mfplat.dll!MFUnlockWorkQueue' from 'C:\Program Files (x86)\Windows Kits\10\lib\10.0.14393.0\um\x86\WindowsApp.lib'."
"Message",Normal,"          P/Invoke 'MFLockSharedWorkQueue' resolved to 'mfplat.dll!MFLockSharedWorkQueue' from 'C:\Program Files (x86)\Windows Kits\10\lib\10.0.14393.0\um\x86\WindowsApp.lib'."
"Message",Normal,"          P/Invoke 'MFCreateAsyncResult' resolved to 'mfplat.dll!MFCreateAsyncResult' from 'C:\Program Files (x86)\Windows Kits\10\lib\10.0.14393.0\um\x86\WindowsApp.lib'."
"Message",Normal,"          P/Invoke 'MFInvokeCallback' resolved to 'mfplat.dll!MFInvokeCallback' from 'C:\Program Files (x86)\Windows Kits\10\lib\10.0.14393.0\um\x86\WindowsApp.lib'."
"Message",Normal,"          P/Invoke 'MFCreateMemoryBuffer' resolved to 'mfplat.dll!MFCreateMemoryBuffer' from 'C:\Program Files (x86)\Windows Kits\10\lib\10.0.14393.0\um\x86\WindowsApp.lib'."
"Message",Normal,"          P/Invoke 'MFCreateMediaBufferWrapper' resolved to 'mfplat.dll!MFCreateMediaBufferWrapper' from 'C:\Program Files (x86)\Windows Kits\10\lib\10.0.14393.0\um\x86\WindowsApp.lib'."
"Message",Normal,"          P/Invoke 'MFLockDXGIDeviceManager' resolved to 'mfplat.dll!MFLockDXGIDeviceManager' from 'C:\Program Files (x86)\Windows Kits\10\lib\10.0.14393.0\um\x86\WindowsApp.lib'."
"Message",Normal,"          P/Invoke 'MFUnlockDXGIDeviceManager' resolved to 'mfplat.dll!MFUnlockDXGIDeviceManager' from 'C:\Program Files (x86)\Windows Kits\10\lib\10.0.14393.0\um\x86\WindowsApp.lib'."
"Message",Normal,"          P/Invoke 'MFCreateDXGISurfaceBuffer' resolved to 'mfplat.dll!MFCreateDXGISurfaceBuffer' from 'C:\Program Files (x86)\Windows Kits\10\lib\10.0.14393.0\um\x86\WindowsApp.lib'."
"Message",Normal,"          P/Invoke 'MFCreateVideoSampleAllocatorEx' resolved to 'mfplat.dll!MFCreateVideoSampleAllocatorEx' from 'C:\Program Files (x86)\Windows Kits\10\lib\10.0.14393.0\um\x86\WindowsApp.lib'."
"Message",Normal,"          P/Invoke 'MFCreateDXGIDeviceManager' resolved to 'mfplat.dll!MFCreateDXGIDeviceManager' from 'C:\Program Files (x86)\Windows Kits\10\lib\10.0.14393.0\um\x86\WindowsApp.lib'."
"Message",Normal,"          P/Invoke 'MFCreateAlignedMemoryBuffer' resolved to 'mfplat.dll!MFCreateAlignedMemoryBuffer' from 'C:\Program Files (x86)\Windows Kits\10\lib\10.0.14393.0\um\x86\WindowsApp.lib'."
"Message",Normal,"          P/Invoke 'MFCreateMediaEvent' resolved to 'mfplat.dll!MFCreateMediaEvent' from 'C:\Program Files (x86)\Windows Kits\10\lib\10.0.14393.0\um\x86\WindowsApp.lib'."
"Message",Normal,"          P/Invoke 'MFCreateEventQueue' resolved to 'mfplat.dll!MFCreateEventQueue' from 'C:\Program Files (x86)\Windows Kits\10\lib\10.0.14393.0\um\x86\WindowsApp.lib'."
"Message",Normal,"          P/Invoke 'MFCreateSample' resolved to 'mfplat.dll!MFCreateSample' from 'C:\Program Files (x86)\Windows Kits\10\lib\10.0.14393.0\um\x86\WindowsApp.lib'."
"Message",Normal,"          P/Invoke 'MFCreateAttributes' resolved to 'mfplat.dll!MFCreateAttributes' from 'C:\Program Files (x86)\Windows Kits\10\lib\10.0.14393.0\um\x86\WindowsApp.lib'."
"Message",Normal,"          P/Invoke 'MFInitAttributesFromBlob' resolved to 'mfplat.dll!MFInitAttributesFromBlob' from 'C:\Program Files (x86)\Windows Kits\10\lib\10.0.14393.0\um\x86\WindowsApp.lib'."
"Message",Normal,"          P/Invoke 'MFGetAttributesAsBlobSize' resolved to 'mfplat.dll!MFGetAttributesAsBlobSize' from 'C:\Program Files (x86)\Windows Kits\10\lib\10.0.14393.0\um\x86\WindowsApp.lib'."
"Message",Normal,"          P/Invoke 'MFGetAttributesAsBlob' resolved to 'mfplat.dll!MFGetAttributesAsBlob' from 'C:\Program Files (x86)\Windows Kits\10\lib\10.0.14393.0\um\x86\WindowsApp.lib'."
"Warning",,0,0,"      MCG : warning MCG0007: Unresolved P/Invoke method 'Mfplat.dll!MFTEnumEx' for method 'System.Int32 SharpDX.MediaFoundation.MediaFactory.MFTEnumEx_(System.Guid, System.Int32, System.Void*, System.Void*, System.Void*, System.Void*)'. Calling this method would throw exception at runtime. Please make sure the P/Invoke either points to a Windows API allowed in UWP applications, or a native DLL that is part of the package. If for some reason your P/Invoke does not satisify those requirements, please use [DllImport(ExactSpelling=true) to indicate that you understand the implications of using non-UWP APIs."
"Message",Normal,"          P/Invoke 'MFCreateMediaExtensionActivate' resolved to 'mfplat.dll!MFCreateMediaExtensionActivate' from 'C:\Program Files (x86)\Windows Kits\10\lib\10.0.14393.0\um\x86\WindowsApp.lib'."
"Warning",,0,0,"      MCG : warning MCG0007: Unresolved P/Invoke method 'Mfplat.dll!MFCreateMuxStreamAttributes' for method 'System.Int32 SharpDX.MediaFoundation.MediaFactory.MFCreateMuxStreamAttributes_(System.Void*, System.Void*)'. Calling this method would throw exception at runtime. Please make sure the P/Invoke either points to a Windows API allowed in UWP applications, or a native DLL that is part of the package. If for some reason your P/Invoke does not satisify those requirements, please use [DllImport(ExactSpelling=true) to indicate that you understand the implications of using non-UWP APIs."
"Warning",,0,0,"      MCG : warning MCG0007: Unresolved P/Invoke method 'Mfplat.dll!MFCreateMuxStreamMediaType' for method 'System.Int32 SharpDX.MediaFoundation.MediaFactory.MFCreateMuxStreamMediaType_(System.Void*, System.Void*)'. Calling this method would throw exception at runtime. Please make sure the P/Invoke either points to a Windows API allowed in UWP applications, or a native DLL that is part of the package. If for some reason your P/Invoke does not satisify those requirements, please use [DllImport(ExactSpelling=true) to indicate that you understand the implications of using non-UWP APIs."
"Warning",,0,0,"      MCG : warning MCG0007: Unresolved P/Invoke method 'Mfplat.dll!MFCreateMuxStreamSample' for method 'System.Int32 SharpDX.MediaFoundation.MediaFactory.MFCreateMuxStreamSample_(System.Void*, System.Void*)'. Calling this method would throw exception at runtime. Please make sure the P/Invoke either points to a Windows API allowed in UWP applications, or a native DLL that is part of the package. If for some reason your P/Invoke does not satisify those requirements, please use [DllImport(ExactSpelling=true) to indicate that you understand the implications of using non-UWP APIs."
"Message",Normal,"          P/Invoke 'MFCreateMediaType' resolved to 'mfplat.dll!MFCreateMediaType' from 'C:\Program Files (x86)\Windows Kits\10\lib\10.0.14393.0\um\x86\WindowsApp.lib'."
"Message",Normal,"          P/Invoke 'MFCreateWaveFormatExFromMFMediaType' resolved to 'mfplat.dll!MFCreateWaveFormatExFromMFMediaType' from 'C:\Program Files (x86)\Windows Kits\10\lib\10.0.14393.0\um\x86\WindowsApp.lib'."
"Message",Normal,"          P/Invoke 'MFInitMediaTypeFromWaveFormatEx' resolved to 'mfplat.dll!MFInitMediaTypeFromWaveFormatEx' from 'C:\Program Files (x86)\Windows Kits\10\lib\10.0.14393.0\um\x86\WindowsApp.lib'."
"Message",Normal,"          P/Invoke 'MFWrapMediaType' resolved to 'mfplat.dll!MFWrapMediaType' from 'C:\Program Files (x86)\Windows Kits\10\lib\10.0.14393.0\um\x86\WindowsApp.lib'."
"Message",Normal,"          P/Invoke 'MFUnwrapMediaType' resolved to 'mfplat.dll!MFUnwrapMediaType' from 'C:\Program Files (x86)\Windows Kits\10\lib\10.0.14393.0\um\x86\WindowsApp.lib'."
"Message",Normal,"          P/Invoke 'MFCopyImage' resolved to 'mfplat.dll!MFCopyImage' from 'C:\Program Files (x86)\Windows Kits\10\lib\10.0.14393.0\um\x86\WindowsApp.lib'."
"Message",Normal,"          P/Invoke 'MFCreate2DMediaBuffer' resolved to 'mfplat.dll!MFCreate2DMediaBuffer' from 'C:\Program Files (x86)\Windows Kits\10\lib\10.0.14393.0\um\x86\WindowsApp.lib'."
"Message",Normal,"          P/Invoke 'MFCreateMediaBufferFromMediaType' resolved to 'mfplat.dll!MFCreateMediaBufferFromMediaType' from 'C:\Program Files (x86)\Windows Kits\10\lib\10.0.14393.0\um\x86\WindowsApp.lib'."
"Message",Normal,"          P/Invoke 'MFCreateCollection' resolved to 'mfplat.dll!MFCreateCollection' from 'C:\Program Files (x86)\Windows Kits\10\lib\10.0.14393.0\um\x86\WindowsApp.lib'."
"Message",Normal,"          P/Invoke 'MFllMulDiv' resolved to 'mfplat.dll!MFllMulDiv' from 'C:\Program Files (x86)\Windows Kits\10\lib\10.0.14393.0\um\x86\WindowsApp.lib'."
"Message",Normal,"          P/Invoke 'MFCreateSourceResolver' resolved to 'mfplat.dll!MFCreateSourceResolver' from 'C:\Program Files (x86)\Windows Kits\10\lib\10.0.14393.0\um\x86\WindowsApp.lib'."
"Message",Normal,"          P/Invoke 'MFGetService' resolved to 'mf.dll!MFGetService' from 'C:\Program Files (x86)\Windows Kits\10\lib\10.0.14393.0\um\x86\WindowsApp.lib'."
"Message",Normal,"          P/Invoke 'MFGetSystemTime' resolved to 'mfplat.dll!MFGetSystemTime' from 'C:\Program Files (x86)\Windows Kits\10\lib\10.0.14393.0\um\x86\WindowsApp.lib'."
"Warning",,0,0,"      MCG : warning MCG0007: Unresolved P/Invoke method 'mf.dll!MFCreatePresentationClock' for method 'System.Int32 SharpDX.MediaFoundation.MediaFactory.MFCreatePresentationClock_(System.Void*)'. Calling this method would throw exception at runtime. Please make sure the P/Invoke either points to a Windows API allowed in UWP applications, or a native DLL that is part of the package. If for some reason your P/Invoke does not satisify those requirements, please use [DllImport(ExactSpelling=true) to indicate that you understand the implications of using non-UWP APIs."
"Warning",,0,0,"      MCG : warning MCG0007: Unresolved P/Invoke method 'Mfplat.dll!MFCreateSystemTimeSource' for method 'System.Int32 SharpDX.MediaFoundation.MediaFactory.MFCreateSystemTimeSource_(System.Void*)'. Calling this method would throw exception at runtime. Please make sure the P/Invoke either points to a Windows API allowed in UWP applications, or a native DLL that is part of the package. If for some reason your P/Invoke does not satisify those requirements, please use [DllImport(ExactSpelling=true) to indicate that you understand the implications of using non-UWP APIs."
"Message",Normal,"          P/Invoke 'MFCreatePresentationDescriptor' resolved to 'mfplat.dll!MFCreatePresentationDescriptor' from 'C:\Program Files (x86)\Windows Kits\10\lib\10.0.14393.0\um\x86\WindowsApp.lib'."
"Message",Normal,"          P/Invoke 'MFCreateStreamDescriptor' resolved to 'mfplat.dll!MFCreateStreamDescriptor' from 'C:\Program Files (x86)\Windows Kits\10\lib\10.0.14393.0\um\x86\WindowsApp.lib'."
"Warning",,0,0,"      MCG : warning MCG0007: Unresolved P/Invoke method 'mf.dll!MFCreateAudioRendererActivate' for method 'System.Int32 SharpDX.MediaFoundation.MediaFactory.MFCreateAudioRendererActivate_(System.Void*)'. Calling this method would throw exception at runtime. Please make sure the P/Invoke either points to a Windows API allowed in UWP applications, or a native DLL that is part of the package. If for some reason your P/Invoke does not satisify those requirements, please use [DllImport(ExactSpelling=true) to indicate that you understand the implications of using non-UWP APIs."
"Message",Normal,"          P/Invoke 'MFCreateAggregateSource' resolved to 'mf.dll!MFCreateAggregateSource' from 'C:\Program Files (x86)\Windows Kits\10\lib\10.0.14393.0\um\x86\WindowsApp.lib'."
"Message",Normal,"          P/Invoke 'MFCreateTrackedSample' resolved to 'mfplat.dll!MFCreateTrackedSample' from 'C:\Program Files (x86)\Windows Kits\10\lib\10.0.14393.0\um\x86\WindowsApp.lib'."
"Message",Normal,"          P/Invoke 'MFCreateMFByteStreamOnStreamEx' resolved to 'mfplat.dll!MFCreateMFByteStreamOnStreamEx' from 'C:\Program Files (x86)\Windows Kits\10\lib\10.0.14393.0\um\x86\WindowsApp.lib'."
"Message",Normal,"          P/Invoke 'MFCreateStreamOnMFByteStreamEx' resolved to 'mfplat.dll!MFCreateStreamOnMFByteStreamEx' from 'C:\Program Files (x86)\Windows Kits\10\lib\10.0.14393.0\um\x86\WindowsApp.lib'."
"Message",Normal,"          P/Invoke 'MFCreateMediaTypeFromProperties' resolved to 'mfplat.dll!MFCreateMediaTypeFromProperties' from 'C:\Program Files (x86)\Windows Kits\10\lib\10.0.14393.0\um\x86\WindowsApp.lib'."
"Message",Normal,"          P/Invoke 'MFCreatePropertiesFromMediaType' resolved to 'mfplat.dll!MFCreatePropertiesFromMediaType' from 'C:\Program Files (x86)\Windows Kits\10\lib\10.0.14393.0\um\x86\WindowsApp.lib'."
"Message",Normal,"          P/Invoke 'MFCreateProtectedEnvironmentAccess' resolved to 'mf.dll!MFCreateProtectedEnvironmentAccess' from 'C:\Program Files (x86)\Windows Kits\10\lib\10.0.14393.0\um\x86\WindowsApp.lib'."
"Message",Normal,"          P/Invoke 'MFLoadSignedLibrary' resolved to 'mf.dll!MFLoadSignedLibrary' from 'C:\Program Files (x86)\Windows Kits\10\lib\10.0.14393.0\um\x86\WindowsApp.lib'."
"Message",Normal,"          P/Invoke 'MFGetSystemId' resolved to 'mf.dll!MFGetSystemId' from 'C:\Program Files (x86)\Windows Kits\10\lib\10.0.14393.0\um\x86\WindowsApp.lib'."
"Message",Normal,"          P/Invoke 'MFGetLocalId' resolved to 'mf.dll!MFGetLocalId' from 'C:\Program Files (x86)\Windows Kits\10\lib\10.0.14393.0\um\x86\WindowsApp.lib'."
"Warning",,0,0,"      MCG : warning MCG0007: Unresolved P/Invoke method 'Mfplat.dll!MFCreateSensorGroup' for method 'System.Int32 SharpDX.MediaFoundation.MediaFactory.MFCreateSensorGroup_(System.Void*, System.Void*)'. Calling this method would throw exception at runtime. Please make sure the P/Invoke either points to a Windows API allowed in UWP applications, or a native DLL that is part of the package. If for some reason your P/Invoke does not satisify those requirements, please use [DllImport(ExactSpelling=true) to indicate that you understand the implications of using non-UWP APIs."
"Warning",,0,0,"      MCG : warning MCG0007: Unresolved P/Invoke method 'Mfplat.dll!MFCreateSensorStream' for method 'System.Int32 SharpDX.MediaFoundation.MediaFactory.MFCreateSensorStream_(System.Int32, System.Void*, System.Void*, System.Void*)'. Calling this method would throw exception at runtime. Please make sure the P/Invoke either points to a Windows API allowed in UWP applications, or a native DLL that is part of the package. If for some reason your P/Invoke does not satisify those requirements, please use [DllImport(ExactSpelling=true) to indicate that you understand the implications of using non-UWP APIs."
"Message",Normal,"          P/Invoke 'MFCreateSourceReaderFromURL' resolved to 'mfreadwrite.dll!MFCreateSourceReaderFromURL' from 'C:\Program Files (x86)\Windows Kits\10\lib\10.0.14393.0\um\x86\WindowsApp.lib'."
"Message",Normal,"          P/Invoke 'MFCreateSourceReaderFromByteStream' resolved to 'mfreadwrite.dll!MFCreateSourceReaderFromByteStream' from 'C:\Program Files (x86)\Windows Kits\10\lib\10.0.14393.0\um\x86\WindowsApp.lib'."
"Message",Normal,"          P/Invoke 'MFCreateSourceReaderFromMediaSource' resolved to 'mfreadwrite.dll!MFCreateSourceReaderFromMediaSource' from 'C:\Program Files (x86)\Windows Kits\10\lib\10.0.14393.0\um\x86\WindowsApp.lib'."
"Message",Normal,"          P/Invoke 'MFCreateSinkWriterFromURL' resolved to 'mfreadwrite.dll!MFCreateSinkWriterFromURL' from 'C:\Program Files (x86)\Windows Kits\10\lib\10.0.14393.0\um\x86\WindowsApp.lib'."
"Message",Normal,"          P/Invoke 'MFCreateSinkWriterFromMediaSink' resolved to 'mfreadwrite.dll!MFCreateSinkWriterFromMediaSink' from 'C:\Program Files (x86)\Windows Kits\10\lib\10.0.14393.0\um\x86\WindowsApp.lib'."
"Message",Normal,"          P/Invoke 'MFSerializeAttributesToStream' resolved to 'mfplat.dll!MFSerializeAttributesToStream' from 'C:\Program Files (x86)\Windows Kits\10\lib\10.0.14393.0\um\x86\WindowsApp.lib'."
"Message",Normal,"          P/Invoke 'MFDeserializeAttributesFromStream' resolved to 'mfplat.dll!MFDeserializeAttributesFromStream' from 'C:\Program Files (x86)\Windows Kits\10\lib\10.0.14393.0\um\x86\WindowsApp.lib'."
"Message",Normal,"          P/Invoke '#4' resolved to 'xaudio2_9.dll!#4' from 'C:\Program Files (x86)\Windows Kits\10\lib\10.0.14393.0\um\x86\WindowsApp.lib'."
"Message",Normal,"          P/Invoke '#5' resolved to 'xaudio2_9.dll!#5' from 'C:\Program Files (x86)\Windows Kits\10\lib\10.0.14393.0\um\x86\WindowsApp.lib'."
"Message",Normal,"          P/Invoke '#6' resolved to 'xaudio2_9.dll!#6' from 'C:\Program Files (x86)\Windows Kits\10\lib\10.0.14393.0\um\x86\WindowsApp.lib'."
"Message",Normal,"          P/Invoke '#1' resolved to 'xaudio2_9.dll!#1' from 'C:\Program Files (x86)\Windows Kits\10\lib\10.0.14393.0\um\x86\WindowsApp.lib'."
"Message",Normal,"          P/Invoke '#2' resolved to 'xaudio2_9.dll!#2' from 'C:\Program Files (x86)\Windows Kits\10\lib\10.0.14393.0\um\x86\WindowsApp.lib'."
"Message",Normal,"          P/Invoke '#3' resolved to 'xaudio2_9.dll!#3' from 'C:\Program Files (x86)\Windows Kits\10\lib\10.0.14393.0\um\x86\WindowsApp.lib'."
"Message",Normal,"          P/Invoke 'RhWaitForPendingFinalizers' with [DllImport(ExactSpelling=true)] resolved to '[MRT]!RhWaitForPendingFinalizers'."
"Message",Normal,"          P/Invoke 'RhYield' with [DllImport(ExactSpelling=true)] resolved to '[MRT]!RhYield'."
"Message",Normal,"          P/Invoke 'RhCompatibleReentrantWaitAny' with [DllImport(ExactSpelling=true)] resolved to '[MRT]!RhCompatibleReentrantWaitAny'."
"Message",Normal,"          P/Invoke '_ecvt_s' with [DllImport(ExactSpelling=true)] resolved to '[MRT]!_ecvt_s'."
"Message",Normal,"          P/Invoke 'memmove' with [DllImport(ExactSpelling=true)] resolved to '[MRT]!memmove'."
"Message",Normal,"          P/Invoke 'CallingConventionConverter_GetStubs' with [DllImport(ExactSpelling=true)] resolved to '*!CallingConventionConverter_GetStubs'."
"Message",Normal,"          P/Invoke 'GetLastError' resolved to 'api-ms-win-core-errorhandling-l1-1-1.dll!GetLastError' from 'C:\Program Files (x86)\Windows Kits\10\lib\10.0.14393.0\um\x86\WindowsApp.lib'."
"Message",Normal,"          P/Invoke 'RoInitialize' resolved to 'api-ms-win-core-winrt-l1-1-0.dll!RoInitialize' from 'C:\Program Files (x86)\Windows Kits\10\lib\10.0.14393.0\um\x86\WindowsApp.lib'."
"Message",Normal,"          P/Invoke 'IsValidLocaleName' resolved to 'api-ms-win-core-localization-l1-2-1.dll!IsValidLocaleName' from 'C:\Program Files (x86)\Windows Kits\10\lib\10.0.14393.0\um\x86\WindowsApp.lib'."
"Message",Normal,"          P/Invoke 'ResolveLocaleName' resolved to 'api-ms-win-core-localization-l1-2-1.dll!ResolveLocaleName' from 'C:\Program Files (x86)\Windows Kits\10\lib\10.0.14393.0\um\x86\WindowsApp.lib'."
"Message",Normal,"          P/Invoke 'GetCPInfoExW' resolved to 'api-ms-win-core-localization-l1-2-1.dll!GetCPInfoExW' from 'C:\Program Files (x86)\Windows Kits\10\lib\10.0.14393.0\um\x86\WindowsApp.lib'."
"Message",Normal,"          P/Invoke 'CoCreateInstance' with [DllImport(ExactSpelling=true)] resolved to 'api-ms-win-core-com-l1-1-0.dll!CoCreateInstance'."
"Message",Normal,"          P/Invoke '#6' resolved to 'oleaut32.dll!#6' from 'C:\Program Files (x86)\Windows Kits\10\lib\10.0.14393.0\um\x86\WindowsApp.lib'."
"Message",Normal,"          P/Invoke 'RoGetBufferMarshaler' resolved to 'api-ms-win-core-winrt-robuffer-l1-1-0.dll!RoGetBufferMarshaler' from 'C:\Program Files (x86)\Windows Kits\10\lib\10.0.14393.0\um\x86\WindowsApp.lib'."
"Message",High,"  Generating code..."
"Message",High,"  Interop code generated."
"Message",Normal,"  Written code to AssemblyInfo.g.cs"
"Message",Normal,"  Written code to Adapters.g.cs"
"Message",Normal,"  Written code to Data.g.cs"
"Message",Normal,"  Written code to Helpers.g.cs"
"Message",Normal,"  Written code to ImplTypes.g.cs"
"Message",Normal,"  Written code to PInvoke.g.cs"
"Message",Normal,"  Written code to SafeTypes.g.cs"
"Message",Normal,"  Written code to SharedStubs.g.cs"
"Message",Normal,"Running 'GenerateCodeAndCompile' transform, heap at 203 MB."
"Message",High,"Generating serialization code"
"Message",High,"Compiling interop code"
"Message",Normal,"Compiling generated source code: D:\Users\SWallace23\.nuget\packages\microsoft.net.native.compiler\1.7.6\tools\x86\ilc\csc\csc.exe /noconfig @""D:\Users\SWallace23\Desktop\Revival\Revival\obj\x86\Release\ilc\intermediate\Revival.McgInterop.rsp"""
"Message",High,"Generating System.Reflection.DispatchProxy proxy code."
"Message",Normal,"Running 'DumpNativeResources' transform, heap at 203 MB."
"Message",Normal,"Running 'ReducedCopyInitialize' transform, heap at 203 MB."
"Message",Normal,"Running 'ReducedCopyEmptyTypes' transform, heap at 231 MB."
"Message",Normal,"Running 'ReducedCopyPopulateTypes' transform, heap at 192 MB."
"Message",Normal,"Running 'ReducedCopyLateMetadata' transform, heap at 223 MB."
"Message",Normal,"Running 'ReducedCopyMethodBodies' transform, heap at 242 MB."
"Message",Normal,"Running 'ReducedCopyComplete' transform, heap at 239 MB."
"Message",Normal,"Running 'ReducedCopyCleanup' transform, heap at 272 MB."
"Message",Normal,"Running 'DeveloperExperienceModeOnlyCodeRemover' transform, heap at 82 MB."
"Message",Normal,"Running 'ComImportDetector' transform, heap at 88 MB."
"Message",Normal,"Running 'McgAccessor' transform, heap at 88 MB."
"Message",Normal,"Running 'McgRedirect' transform, heap at 89 MB."
"Message",Normal,"Running 'McgRedirect' transform, heap at 94 MB."
"Message",Normal,"Running 'McgTypeOf' transform, heap at 95 MB."
"Message",Normal,"Running 'ExceptionMiniaturizer' transform, heap at 101 MB."
"Message",Normal,"Running 'EventSource' transform, heap at 108 MB."
"Message",Normal,"Running 'ValueType' transform, heap at 109 MB."
"Message",Normal,"Running 'Attribute' transform, heap at 109 MB."
"Message",Normal,"Running 'GetType' transform, heap at 109 MB."
"Message",Normal,"Running 'McgFixups' transform, heap at 110 MB."
"Message",Normal,"Running 'ResourceManagerCtor' transform, heap at 111 MB."
"Message",Normal,"Running 'TypeofTypeHandle' transform, heap at 111 MB."
"Message",Normal,"Running 'DispatchProxyIntrinsics' transform, heap at 114 MB."
"Message",Normal,"Running 'StaticInitData' transform, heap at 114 MB."
"Message",Normal,"Running 'StartupCodeInjector' transform, heap at 124 MB."
"Message",Normal,"Running 'InjectAppContextSwitches' transform, heap at 125 MB."
"Message",Normal,"Running 'ImplementLibraryDynamicInvokeHelpers' transform, heap at 125 MB."
"Message",Normal,"Running 'Delegate' transform, heap at 125 MB."
"Message",Normal,"Running 'DelegateCtorCall' transform, heap at 137 MB."
"Message",Normal,"Running 'LazyGenerics' transform, heap at 138 MB."
"Message",Normal,"Running 'AddReflectionBlockedAttributes' transform, heap at 108 MB."
"Message",Normal,"Running 'DisableOptimization' transform, heap at 108 MB."
"Message",Normal,"Running 'CreateMetadata' transform, heap at 108 MB."
"Message",Normal,"Running 'SaveRVAStatics' transform, heap at 136 MB."
"Message",Normal,"Running 'ReflectionInvoke' transform, heap at 137 MB."
"Message",Normal,"Running 'ScrubOpenCalls' transform, heap at 143 MB."
"Message",Normal,"Running 'ConvertCatchIntoFilter' transform, heap at 143 MB."
"Message",Normal,"Running 'ReflectionMappingInfoEmit' transform, heap at 144 MB."
"Message",Normal,"Running 'ConvertManagedWinMD' transform, heap at 151 MB."
"Message",Normal,"Running 'Reducer' transform, heap at 151 MB."
"Message",High,"Cleaning up unreferenced code"
"Message",Normal,"Running 'WriteAssemblies' transform, heap at 221 MB."
"Message",Normal,""
"Message",Normal,"Transform summary"
"Message",Normal,"    ms | heap delta | name"
"Message",Normal,"  7878 |        143 | Analysis"
"Message",Normal,"  4817 |          0 | GenerateCodeAndCompile"
"Message",Normal,"  4153 |         30 | WriteAssemblies"
"Message",Normal,"  1779 |         70 | Reducer"
"Message",Normal,"  1224 |         28 | CreateMetadata"
"Message",Normal,"   719 |         35 | Mcg"
"Message",Normal,"   493 |         -3 | ReducedCopyMethodBodies"
"Message",Normal,"   382 |         28 | ReducedCopyInitialize"
"Message",Normal,"   352 |         33 | ReducedCopyComplete"
"Message",Normal,"   227 |        -30 | LazyGenerics"
"Message",Normal,"   222 |         31 | ReducedCopyPopulateTypes"
"Message",Normal,"   182 |       -190 | ReducedCopyCleanup"
"Message",Normal,"   111 |          5 | McgRedirect"
"Message",Normal,"   106 |         19 | ReducedCopyLateMetadata"
"Message",Normal,"   100 |         10 | StaticInitData"
"Message",Normal,"    87 |          6 | McgTypeOf"
"Message",Normal,"    69 |        -39 | ReducedCopyEmptyTypes"
"Message",Normal,"    62 |          1 | McgRedirect"
"Message",Normal,"    46 |          3 | TypeofTypeHandle"
"Message",Normal,"    41 |         12 | Delegate"
"Message",Normal,"    37 |          1 | DelegateCtorCall"
"Message",Normal,"    29 |          6 | ReflectionInvoke"
"Message",Normal,"    29 |          7 | ExceptionMiniaturizer"
"Message",Normal,"    26 |          1 | SaveRVAStatics"
"Message",Normal,"    22 |          7 | ReflectionMappingInfoEmit"
"Message",Normal,"    17 |          0 | ScrubOpenCalls"
"Message",Normal,"    13 |          1 | GetType"
"Message",Normal,"    12 |          6 | DeveloperExperienceModeOnlyCodeRemover"
"Message",Normal,"    12 |          0 | DispatchProxyIntrinsics"
"Message",Normal,"    11 |          1 | McgAccessor"
"Message",Normal,"     9 |          1 | McgFixups"
"Message",Normal,"     8 |          1 | ConvertCatchIntoFilter"
"Message",Normal,"     4 |          0 | Attribute"
"Message",Normal,"     4 |          0 | DumpNativeResources"
"Message",Normal,"     3 |          1 | StartupCodeInjector"
"Message",Normal,"     3 |          1 | EventSource"
"Message",Normal,"     1 |          0 | ComImportDetector"
"Message",Normal,"     1 |          0 | ValueType"
"Message",Normal,"     0 |          0 | ConvertManagedWinMD"
"Message",Normal,"     0 |          0 | ResourceManagerCtor"
"Message",Normal,"     0 |          0 | DisableOptimization"
"Message",Normal,"     0 |          0 | AddReflectionBlockedAttributes"
"Message",Normal,"     0 |          0 | ImplementLibraryDynamicInvokeHelpers"
"Message",Normal,"     0 |          0 | InjectAppContextSwitches"
"Message",Low,"Done executing task ""RunILTransforms""."
"Message",Low,"Done building target ""RunILTransforms"" in file ""ILTransforms""."
"Message",Low,"Done building project ""ILTransforms""."
"Message",Low,""
"Message",Low,""
"Message",Low,"Done building target ""GenerateMDIL"" in file ""Nutc""."
"Message",Low,""
"Message",High,"Generating native code"
"Message",Low,"Done building target ""MDILPrepareMultiFile"" in file ""Nutc""."
"Message",Low,""
"Message",Low,"Done building target ""SetBinaryForReferences"" in file ""Nutc""."
"Message",Low,""
"Message",Low,"Task ""GenerateMDILGlobalAnalysis"""
"Message",Normal,"Launching 'D:\Users\SWallace23\.nuget\packages\microsoft.net.native.compiler\1.7.6\tools\x86\ilc\Tools\nutc_driver.exe @""D:\Users\SWallace23\Desktop\Revival\Revival\obj\x86\Release\ilc\intermediate\MDIL\Revival.rsp""'"
"Message",Low,"Microsoft (R) MDIL Compiler - Version 1.7.27420.00"
"Message",Low,"Copyright (c) Microsoft Corporation.  All rights reserved."
"Message",Low,"Scanning input types"
"Message",Low,"Scanning 23320 methods."
"Message",Low,"Scanning 6128 methods."
"Message",Low,"Scanning 2189 methods."
"Message",Low,"Scanning 611 methods."
"Message",Low,"Scanning 2274 methods."
"Message",Low,"Scanning 1542 methods."
"Message",Low,"Scanning 444 methods."
"Message",Low,"Scanning 222 methods."
"Message",Low,"Scanning 84 methods."
"Message",Low,"Scanning 36 methods."
"Message",Low,"Scanning 21 methods."
"Message",Low,"Scanning 5 methods."
"Message",Low,"Scanning 4 methods."
"Message",Low,"Eager code generation"
"Message",Low,"Compiling 36880 methods."
"Message",Low,"Deferred code generation"
"Message",Low,"Compiling 1 methods."
"Message",Low,"Compiling 30 methods."
"Message",Low,"Successfully generated 'D:\Users\SWallace23\Desktop\Revival\Revival\obj\x86\Release\ilc\intermediate\MDIL\Revival.mdilexe'"
"Message",Low,"Successfully generated 'D:\Users\SWallace23\Desktop\Revival\Revival\obj\x86\Release\ilc\intermediate\MDIL\Revival.mdilpdb'"
"Message",Normal,"'D:\Users\SWallace23\.nuget\packages\microsoft.net.native.compiler\1.7.6\tools\x86\ilc\Tools\nutc_driver.exe @""D:\Users\SWallace23\Desktop\Revival\Revival\obj\x86\Release\ilc\intermediate\MDIL\Revival.rsp""' completed."
"Message",Normal,"Process execution statistics (all times in milliseconds)"
"Message",Normal,"-----------------------------------------------------------------------------"
"Message",Normal,"launch  |  start   |   stop   |   end    | duration | lifetime | [slot] name"
"Message",Normal,"-----------------------------------------------------------------------------"
"Message",Normal,"       0 |        0 |    29781 |    29781 |    29781 |    29781 | [0] Nutc GlobalAnalysis"
"Message",Normal,"Number of commands:      1"
"Message",Normal,"Total system time:       29781 ms"
"Message",Normal,"System time per command: 29781 ms"
"Message",Normal,"Total duration:          29781 ms"
"Message",Normal,"Total lifetime:          29781 ms"
"Message",Normal,"Requested DOP:           4"
"Message",Normal,"Duration DOP:            1.0"
"Message",Normal,"Lifetime DOP:            1.0"
"Message",Low,"Done executing task ""GenerateMDILGlobalAnalysis""."
"Message",Low,"Done building target ""GenerateMDILGlobalAnalysis"" in file ""Nutc""."
"Message",Low,""
"Message",Low,"Task ""rc"""
"Message",Normal,"Launching 'C:\Program Files (x86)\Windows Kits\10\bin\x64\rc.exe /c ""65001"" /r /fo ""D:\Users\SWallace23\Desktop\Revival\Revival\obj\x86\Release\ilc\intermediate\BuildInfo\BuildInfo.res"" ""D:\Users\SWallace23\Desktop\Revival\Revival\obj\x86\Release\ilc\intermediate\BuildInfo\BuildInfo.rc""'"
"Message",Low,"Microsoft (R) Windows (R) Resource Compiler Version 10.0.10011.16384"
"Message",Low,"Copyright (C) Microsoft Corporation.  All rights reserved."
"Message",Normal,"'C:\Program Files (x86)\Windows Kits\10\bin\x64\rc.exe /c ""65001"" /r /fo ""D:\Users\SWallace23\Desktop\Revival\Revival\obj\x86\Release\ilc\intermediate\BuildInfo\BuildInfo.res"" ""D:\Users\SWallace23\Desktop\Revival\Revival\obj\x86\Release\ilc\intermediate\BuildInfo\BuildInfo.rc""' completed."
"Message",Normal,"Process execution statistics (all times in milliseconds)"
"Message",Normal,"-----------------------------------------------------------------------------"
"Message",Normal,"launch  |  start   |   stop   |   end    | duration | lifetime | [slot] name"
"Message",Normal,"-----------------------------------------------------------------------------"
"Message",Normal,"       0 |        0 |       47 |       47 |       47 |       47 | [0] rc"
"Message",Normal,"Number of commands:      1"
"Message",Normal,"Total system time:       47 ms"
"Message",Normal,"System time per command: 47 ms"
"Message",Normal,"Total duration:          47 ms"
"Message",Normal,"Total lifetime:          47 ms"
"Message",Normal,"Requested DOP:           4"
"Message",Normal,"Duration DOP:            1.0"
"Message",Normal,"Lifetime DOP:            1.0"
"Message",Low,"Done executing task ""rc""."
"Message",Low,"Task ""ResourceBinaryConcatenate"""
"Message",Normal,"Concatenating into 'D:\Users\SWallace23\Desktop\Revival\Revival\obj\x86\Release\ilc\intermediate\Native.res' with alignment '4'."
"Message",Normal," Added 'D:\Users\SWallace23\Desktop\Revival\Revival\obj\x86\Release\ilc\intermediate\ILTransformed\Revival.res' at offset 0."
"Message",Normal," Added 'D:\Users\SWallace23\Desktop\Revival\Revival\obj\x86\Release\ilc\intermediate\BuildInfo\BuildInfo.res' at offset 1368."
"Message",Low,"Done executing task ""ResourceBinaryConcatenate""."
"Message",Low,"Done building target ""GenerateBuildInfo"" in file ""Nutc""."
"Message",Low,"Done building project ""Nutc""."
"Message",Low,""
"Message",Low,""
"Message",Low,"Done building target ""MDILBindPrepare"" in file ""Binder""."
"Message",Low,""
"Message",High,"Generating fixups for native code"
"Message",Low,"Task ""MDILBind"""
"Message",Normal,"Launching 'D:\Users\SWallace23\.nuget\packages\microsoft.net.native.compiler\1.7.6\tools\x86\ilc\Tools\rhbind.exe @""D:\Users\SWallace23\Desktop\Revival\Revival\obj\x86\Release\ilc\intermediate\rhbindargs.Revival.rsp""'"
"Message",Low,"OS VERSION: major: 6  minor: 2"
"Message",Low,"MDIL: D:\Users\SWallace23\Desktop\Revival\Revival\obj\x86\Release\ilc\intermediate\MDIL\Revival.mdilexe"
"Message",Low,"MDILPDB: D:\Users\SWallace23\Desktop\Revival\Revival\obj\x86\Release\ilc\intermediate\MDIL\Revival.mdilpdb"
"Message",Low,"IL: D:\Users\SWallace23\Desktop\Revival\Revival\obj\x86\Release\ilc\intermediate\MDIL\Revival.ilexe"
"Message",Low,"NI: D:\Users\SWallace23\Desktop\Revival\Revival\obj\x86\Release\ilc\intermediate\Native\Revival.dll"
"Message",Low,"SHIM: D:\Users\SWallace23\Desktop\Revival\Revival\obj\x86\Release\ilc\intermediate\Native\Revival.exe"
"Message",Low,"REDHAWK_RUNTIME_DLL_NAME_A=mrt100_app.dll"
"Message",Low,"pdb: D:\Users\SWallace23\Desktop\Revival\Revival\obj\x86\Release\ilc\intermediate\Native\Revival.pdb"
"Message",Low,"Produced D:\Users\SWallace23\Desktop\Revival\Revival\obj\x86\Release\ilc\intermediate\Native\Revival.dll in 2.157 seconds"
"Message",Normal,"'D:\Users\SWallace23\.nuget\packages\microsoft.net.native.compiler\1.7.6\tools\x86\ilc\Tools\rhbind.exe @""D:\Users\SWallace23\Desktop\Revival\Revival\obj\x86\Release\ilc\intermediate\rhbindargs.Revival.rsp""' completed."
"Message",Normal,"Process execution statistics (all times in milliseconds)"
"Message",Normal,"-----------------------------------------------------------------------------"
"Message",Normal,"launch  |  start   |   stop   |   end    | duration | lifetime | [slot] name"
"Message",Normal,"-----------------------------------------------------------------------------"
"Message",Normal,"       0 |        0 |     2203 |     2203 |     2203 |     2203 | [0] rhbind Revival"
"Message",Normal,"Number of commands:      1"
"Message",Normal,"Total system time:       2203 ms"
"Message",Normal,"System time per command: 2203 ms"
"Message",Normal,"Total duration:          2203 ms"
"Message",Normal,"Total lifetime:          2203 ms"
"Message",Normal,"Requested DOP:           4"
"Message",Normal,"Duration DOP:            1.0"
"Message",Normal,"Lifetime DOP:            1.0"
"Message",Low,"Done executing task ""MDILBind""."
"Message",Low,"Done building target ""MDILBind"" in file ""Binder""."
"Message",Low,"Done building project ""Binder""."
"Message",Low,""
"Message",Low,""
"Message",Low,"Done building target ""CopyNativeExecutablesToOutput"" in file ""Deployment""."
"Message",Low,""
"Message",Low,"Done building target ""CopyExtractedResourcesToOutput"" in file ""Deployment""."
"Message",Low,""
"Message",Low,"Task ""TransformAppxManifest"""
"Message",Low,"Done executing task ""TransformAppxManifest""."
"Message",Low,"Done building target ""TransformAppxManifestAndAddCrt"" in file ""Deployment""."
"Message",Low,""
"Message",Low,"Done building target ""CopyPackageResourceFileInRetailBuild"" in file ""Deployment""."
"Message",Low,"Done building project ""Deployment""."
"Message",Low,"Compilation finished"
